,precision,recall,f1-score,support
0,0.4558011049723757,0.5463576158940397,0.4969879518072289,302.0
1,0.3316582914572864,0.22,0.26452905811623245,300.0
2,0.2097902097902098,0.20134228187919462,0.2054794520547945,298.0
3,0.31645569620253167,0.33783783783783783,0.32679738562091504,296.0
4,0.4391691394658754,0.4868421052631579,0.46177847113884557,304.0
accuracy,,,,0.35933333333333334
macro avg,0.3505748883776558,0.35847596817484606,0.35111446374760324,1500.0
weighted avg,0.3512301387532676,0.35933333333333334,0.35186309130865434,1500.0
