,precision,recall,f1-score,support
0,0.5551128818061088,0.5514511873350924,0.5532759761747187,758.0
4,0.5448460508701473,0.5485175202156334,0.5466756212222968,742.0
accuracy,,,,0.55
macro avg,0.5499794663381281,0.5499843537753628,0.5499757986985078,1500.0
weighted avg,0.5500342227697865,0.55,0.5500110005915874,1500.0
