{"_step":13,"_wandb":{"runtime":4},"loss":14.453125,"reward":-5,"epsilon":0.7998400000000001,"_timestamp":1.732526304688405e+09,"_runtime":4.028901}