{"loss":20.96208667755127,"reward":-5,"epsilon":0.7998666666666667,"_timestamp":1.732526430127979e+09,"_runtime":3.6762740000000003,"_step":18,"_wandb":{"runtime":3}}