{"epsilon":0.7996533333333334,"_timestamp":1.732526334471273e+09,"_runtime":5.90011,"_step":32,"_wandb":{"runtime":5},"loss":15.039095163345337,"reward":-5}