{"epsilon":0.7998000000000001,"_timestamp":1.732526449773178e+09,"_runtime":4.576875,"_step":26,"_wandb":{"runtime":4},"loss":18.359375,"reward":-5}