,precision,recall,f1-score,support
0,0.3230769230769231,0.3230769230769231,0.3230769230769231,195.0
1,0.2849740932642487,0.2669902912621359,0.2756892230576441,206.0
2,0.3048780487804878,0.45454545454545453,0.36496350364963503,220.0
3,0.3333333333333333,0.06912442396313365,0.11450381679389313,217.0
4,0.23671497584541062,0.2677595628415301,0.2512820512820513,183.0
5,0.3700787401574803,0.46766169154228854,0.41318681318681316,201.0
accuracy,,,,0.3076923076923077
macro avg,0.3088426857429806,0.308193057871911,0.2904503885078267,1222.0
weighted avg,0.30999659134929586,0.3076923076923077,0.2896615743307971,1222.0
