{"_step":21,"_wandb":{"runtime":3},"loss":18.5546875,"reward":-5,"epsilon":0.7998693333333334,"_timestamp":1.732526379621283e+09,"_runtime":3.8111230000000003}