,precision,recall,f1-score,support
0,0.2828282828282828,0.23529411764705882,0.25688073394495414,119.0
1,0.26595744680851063,0.18518518518518517,0.21834061135371177,135.0
2,0.23979591836734693,0.3821138211382114,0.2946708463949843,123.0
3,0.16666666666666666,0.14705882352941177,0.15625,102.0
4,0.2892561983471074,0.2892561983471074,0.2892561983471074,121.0
accuracy,,,,0.25
macro avg,0.24890090260358289,0.24778162916939492,0.24307967800815153,600.0
weighted avg,0.2517595315581638,0.25,0.24537800663130616,600.0
