{"loss":22.65625,"reward":-5,"epsilon":0.7998426666666667,"_timestamp":1.732526400609462e+09,"_wandb":{"runtime":10},"_runtime":10.643631,"_step":13}