{"_runtime":14.730439,"_step":6,"_wandb":{"runtime":14},"episode reward":0,"_timestamp":1.732264387854621e+09}