{"episode reward":-22,"_timestamp":1.732264294164901e+09,"_runtime":12.727352,"_step":17,"_wandb":{"runtime":12}}