{"loss":15.759404500325521,"reward":-5,"epsilon":0.79988,"_wandb":{"runtime":3},"_timestamp":1.732526348510196e+09,"_runtime":3.584154,"_step":11}