{"_wandb":{"runtime":11},"loss":16.015625,"reward":-5,"epsilon":0.799664,"_timestamp":1.732526257470187e+09,"_runtime":11.837123,"_step":29}