,precision,recall,f1-score,support
0,0.22868217054263565,0.19536423841059603,0.21071428571428572,302.0
1,0.1989100817438692,0.24333333333333335,0.21889055472263869,300.0
2,0.19140625,0.1644295302013423,0.17689530685920576,298.0
3,0.19721577726218098,0.28716216216216217,0.23383768913342504,296.0
4,0.20212765957446807,0.125,0.15447154471544716,304.0
accuracy,,,,0.20266666666666666
macro avg,0.20366838782463076,0.20305785282148675,0.19896187622900047,1500.0
weighted avg,0.20373118740485374,0.20266666666666666,0.19879532514902595,1500.0
