,precision,recall,f1-score,support
0,0.26556016597510373,0.2077922077922078,0.2331511839708561,308.0
1,0.2265625,0.2770700636942675,0.2492836676217765,314.0
2,0.14358974358974358,0.18855218855218855,0.16302765647743814,297.0
3,0.17898832684824903,0.1554054054054054,0.16636528028933092,296.0
4,0.17543859649122806,0.14035087719298245,0.15594541910331383,285.0
accuracy,,,,0.19533333333333333
macro avg,0.19802786658086488,0.19383414852741035,0.19355464149254312,1500.0
weighted avg,0.19903990314237835,0.19533333333333333,0.1947956117867647,1500.0
