,precision,recall,f1-score,support
0,0.5,0.49865229110512127,0.4993252361673414,742.0
4,0.5105263157894737,0.5118733509234829,0.5111989459815547,758.0
accuracy,,,,0.5053333333333333
macro avg,0.5052631578947369,0.5052628210143021,0.5052620910744481,1500.0
weighted avg,0.5053192982456141,0.5053333333333333,0.5053254175267906,1500.0
