{"_step":11,"loss":15.234375,"reward":-5,"epsilon":0.799888,"_timestamp":1.7325265071214862e+09,"_runtime":3.551798,"_wandb":{"runtime":3}}