{"episode reward":0,"_timestamp":1.732264439107252e+09,"_wandb":{"runtime":27},"_runtime":27.785011,"_step":13}