{"epsilon":0.799456,"_timestamp":1.732526979462922e+09,"_runtime":8.203113,"_step":60,"loss":15.234375,"_wandb":{"runtime":8},"reward":-5}