{"loss":8.837890625,"reward":-30,"epsilon":0.7989280000000001,"_wandb":{"runtime":45},"_timestamp":1.7326025145011132e+09,"_runtime":44.275132,"_step":12}