{"_wandb":{"runtime":47},"loss":13.671875,"reward":-5,"epsilon":0.7957360000000001,"_timestamp":1.7325270492586722e+09,"_runtime":47.141274,"_step":456}