{"episode reward":0,"_timestamp":1.732264341934782e+09,"_runtime":21.345376,"_wandb":{"runtime":21},"_step":10}