{"_step":9,"loss":13.37890625,"_wandb":{"runtime":6},"reward":-5,"epsilon":0.7998186666666667,"_timestamp":1.732526728031819e+09,"_runtime":5.725725}