{"episode reward":-35,"_timestamp":1.732262025972836e+09,"_runtime":11.33616,"_step":12,"_wandb":{"runtime":11}}