{"_wandb":{"runtime":5},"loss":18.033854166666668,"reward":-5,"epsilon":0.799696,"_timestamp":1.732526275877127e+09,"_runtime":5.577168,"_step":24}